{
	"class_name" : "PinholeCameraParameters",
	"extrinsic" : 
	[
		0.99667951760437568,
		0.026923858571341077,
		0.076844290793392361,
		0.0,
		0.021143780916005783,
		-0.99695448344320559,
		0.075064628628051772,
		0.0,
		0.078631289678377861,
		-0.073190599000976908,
		-0.99421338579873964,
		0.0,
		-84.370656269126385,
		-0.091545489133828539,
		465.78609408875633,
		1.0
	],
	"intrinsic" : 
	{
		"height" : 1016,
		"intrinsic_matrix" : 
		[
			879.88181024498977,
			0.0,
			0.0,
			0.0,
			879.88181024498977,
			0.0,
			923.5,
			507.5,
			1.0
		],
		"width" : 1848
	},
	"version_major" : 1,
	"version_minor" : 0
}